{
  "model_file": "soft_gating_fusion.onnx",
  "input_dims": {
    "clip": 1024,
    "effnet": 1280,
    "hc": 38
  },
  "hc_mean": [
    4.074740886688232,
    3.490947723388672,
    18.223480224609375,
    887.3741455078125,
    58.48537063598633,
    30.215543746948242,
    19.99769401550293,
    14.624922752380371,
    11.052026748657227,
    8.308761596679688,
    6.17850923538208,
    5.018115520477295,
    4.1465559005737305,
    3.403938055038452,
    2.7636501789093018,
    2.2154934406280518,
    1.7694966793060303,
    1.4339712858200073,
    0.05070009082555771,
    0.07769910246133804,
    0.04727104306221008,
    0.1006721705198288,
    0.17679893970489502,
    0.14159807562828064,
    0.0680742859840393,
    0.08323365449905396,
    0.13304506242275238,
    0.12090757489204407,
    0.45619338750839233,
    0.23702314496040344,
    0.43193772435188293,
    0.23155032098293304,
    0.39505255222320557,
    0.23113934695720673,
    0.1866666078567505,
    0.18063925206661224,
    0.0,
    0.0
  ],
  "hc_std": [
    3.172523260116577,
    2.327573776245117,
    8.291936874389648,
    226.05499267578125,
    20.22245979309082,
    11.936904907226562,
    8.238728523254395,
    6.301616191864014,
    4.990018367767334,
    4.02491569519043,
    3.3318169116973877,
    2.9965758323669434,
    2.7453854084014893,
    2.5418801307678223,
    2.3894073963165283,
    2.2904906272888184,
    2.241117238998413,
    2.199100971221924,
    0.021973267197608948,
    0.016336815431714058,
    0.013204851187765598,
    0.01714378036558628,
    0.05091596394777298,
    0.03690709173679352,
    0.010557555593550205,
    0.013414339162409306,
    0.07033870369195938,
    0.03413763269782066,
    0.11804648488759995,
    0.055726852267980576,
    0.11448425054550171,
    0.05523085594177246,
    0.13215304911136627,
    0.06130121275782585,
    0.17931431531906128,
    0.0717487782239914,
    9.99999993922529e-09,
    9.99999993922529e-09
  ],
  "temperature": 0.9452404975891113,
  "gates": {
    "clip": 0.5218281745910645,
    "effnet": 0.5215756893157959,
    "hc": 0.47624877095222473
  },
  "threshold": 0.5,
  "clip_model": "ViT-L/14",
  "effnet_model": "efficientnet_b0",
  "seen_auc": 0.9955,
  "seen_acc": 0.9634,
  "unseen_acc": 0.4
}